{"cameraMode":{"drawMode":0,"name":"Shaded","section":"Shading Mode"},"sceneLighting":false,"audioPlay":false,"sceneViewState":{"showFog":true,"showMaterialUpdate":false,"showSkybox":false,"showFlares":true,"showImageEffects":true,"showParticleSystems":true},"in2DMode":false,"pivot":{"x":-0.4344515800476074,"y":3.8223350048065187,"z":0.27736568450927737},"rotation":{"x":-0.010583887808024884,"y":-0.5973324775695801,"z":-0.007874452508985997,"w":0.8019399642944336},"size":33.683834075927737,"orthographic":false}