{"cameraMode":{"drawMode":0,"name":"Shaded","section":"Shading Mode"},"sceneLighting":true,"audioPlay":false,"sceneViewState":{"showFog":true,"showMaterialUpdate":false,"showSkybox":true,"showFlares":true,"showImageEffects":true,"showParticleSystems":true},"in2DMode":false,"pivot":{"x":1.255349040031433,"y":3.492597818374634,"z":-0.29324761033058169},"rotation":{"x":-0.002691166242584586,"y":-0.03569719195365906,"z":-0.000056677799875615165,"w":0.9994039535522461},"size":16.444141387939454,"orthographic":false}