{"cameraMode":{"drawMode":0,"name":"Shaded","section":"Shading Mode"},"sceneLighting":true,"audioPlay":false,"sceneViewState":{"showFog":true,"showMaterialUpdate":false,"showSkybox":true,"showFlares":true,"showImageEffects":true,"showParticleSystems":true},"in2DMode":false,"pivot":{"x":501.4577941894531,"y":36.929710388183597,"z":502.58563232421877},"rotation":{"x":0.08759205788373947,"y":0.20820550620555879,"z":0.018722645938396455,"w":-0.9739839434623718},"size":3.1759018898010256,"orthographic":false}