{"cameraMode":{"drawMode":0,"name":"Shaded","section":"Shading Mode"},"sceneLighting":true,"audioPlay":false,"sceneViewState":{"showFog":true,"showMaterialUpdate":false,"showSkybox":true,"showFlares":true,"showImageEffects":true,"showParticleSystems":true},"in2DMode":false,"pivot":{"x":100.43999481201172,"y":363.3442077636719,"z":-32.13221740722656},"rotation":{"x":0.05664700269699097,"y":0.021560290828347207,"z":0.0012230233987793327,"w":-0.998163104057312},"size":110.7803726196289,"orthographic":false}