{"cameraMode":{"drawMode":0,"name":"Shaded","section":"Shading Mode"},"sceneLighting":true,"audioPlay":false,"sceneViewState":{"showFog":true,"showMaterialUpdate":false,"showSkybox":true,"showFlares":true,"showImageEffects":true,"showParticleSystems":true},"in2DMode":false,"pivot":{"x":569.4501953125,"y":-2.64654541015625,"z":560.4910888671875},"rotation":{"x":-0.22623461484909059,"y":0.7585112452507019,"z":-0.3362855911254883,"w":-0.5102848410606384},"size":577.9016723632813,"orthographic":false}