{"cameraMode":{"drawMode":0,"name":"Shaded","section":"Shading Mode"},"sceneLighting":true,"audioPlay":false,"sceneViewState":{"showFog":true,"showMaterialUpdate":false,"showSkybox":true,"showFlares":true,"showImageEffects":true,"showParticleSystems":true},"in2DMode":false,"pivot":{"x":505.4592590332031,"y":36.65333938598633,"z":502.6528015136719},"rotation":{"x":0.19013294577598573,"y":0.45744749903678896,"z":-0.10080995410680771,"w":0.8628178834915161},"size":19.06201934814453,"orthographic":false}