{"cameraMode":{"drawMode":0,"name":"Shaded","section":"Shading Mode"},"sceneLighting":true,"audioPlay":false,"sceneViewState":{"showFog":true,"showMaterialUpdate":false,"showSkybox":true,"showFlares":true,"showImageEffects":true,"showParticleSystems":true},"in2DMode":false,"pivot":{"x":504.8681640625,"y":34.37456130981445,"z":499.78704833984377},"rotation":{"x":0.15516060590744019,"y":0.6333656311035156,"z":-0.13162657618522645,"w":0.7466417551040649},"size":9.644377708435059,"orthographic":false}