{"cameraMode":{"drawMode":0,"name":"Shaded","section":"Shading Mode"},"sceneLighting":true,"audioPlay":false,"sceneViewState":{"showFog":true,"showMaterialUpdate":false,"showSkybox":true,"showFlares":true,"showImageEffects":true,"showParticleSystems":true},"in2DMode":false,"pivot":{"x":536.3113403320313,"y":141.99571228027345,"z":338.6525573730469},"rotation":{"x":-0.008445474319159985,"y":-0.988494336605072,"z":0.060271989554166797,"w":-0.1384969800710678},"size":-55.26036834716797,"orthographic":false}